strain,strain_label,day,body_weight_g,source_text,source_url,claim_id
1957,1957年の品種,0,34,"Zuidhof et al. (2014) Figure 1「Age-related changes in size (mixed-sex BW and front view photos) of University of Alberta Meat Control strains unselected since 1957 and 1978, and Ross 308 broilers (2005).」に併記された体重",https://doi.org/10.3382/ps.2014-04291,c245
1957,1957年の品種,28,316,"Zuidhof et al. (2014) Figure 1「Age-related changes in size (mixed-sex BW and front view photos) of University of Alberta Meat Control strains unselected since 1957 and 1978, and Ross 308 broilers (2005).」に併記された体重",https://doi.org/10.3382/ps.2014-04291,c245
1957,1957年の品種,56,905,"Zuidhof et al. (2014) Figure 1「Age-related changes in size (mixed-sex BW and front view photos) of University of Alberta Meat Control strains unselected since 1957 and 1978, and Ross 308 broilers (2005).」に併記された体重",https://doi.org/10.3382/ps.2014-04291,c245
1978,1978年の品種,0,42,"Zuidhof et al. (2014) Figure 1「Age-related changes in size (mixed-sex BW and front view photos) of University of Alberta Meat Control strains unselected since 1957 and 1978, and Ross 308 broilers (2005).」に併記された体重",https://doi.org/10.3382/ps.2014-04291,c245
1978,1978年の品種,28,632,"Zuidhof et al. (2014) Figure 1「Age-related changes in size (mixed-sex BW and front view photos) of University of Alberta Meat Control strains unselected since 1957 and 1978, and Ross 308 broilers (2005).」に併記された体重",https://doi.org/10.3382/ps.2014-04291,c245
1978,1978年の品種,56,1808,"Zuidhof et al. (2014) Figure 1「Age-related changes in size (mixed-sex BW and front view photos) of University of Alberta Meat Control strains unselected since 1957 and 1978, and Ross 308 broilers (2005).」に併記された体重",https://doi.org/10.3382/ps.2014-04291,c245
2005,2005年の品種（Ross 308）,0,44,"Zuidhof et al. (2014) Figure 1「Age-related changes in size (mixed-sex BW and front view photos) of University of Alberta Meat Control strains unselected since 1957 and 1978, and Ross 308 broilers (2005).」に併記された体重",https://doi.org/10.3382/ps.2014-04291,c245
2005,2005年の品種（Ross 308）,28,1396,"Zuidhof et al. (2014) Figure 1「Age-related changes in size (mixed-sex BW and front view photos) of University of Alberta Meat Control strains unselected since 1957 and 1978, and Ross 308 broilers (2005).」に併記された体重",https://doi.org/10.3382/ps.2014-04291,c245
2005,2005年の品種（Ross 308）,56,4202,"Zuidhof et al. (2014) Figure 1「Age-related changes in size (mixed-sex BW and front view photos) of University of Alberta Meat Control strains unselected since 1957 and 1978, and Ross 308 broilers (2005).」に併記された体重",https://doi.org/10.3382/ps.2014-04291,c245
